,covar_only_dose,myopic_dose,opt_time
44,8.510144523370824,9.355541774535732,110.45659556170651
