,q_learn_opt_time,q_learn_opt_dose
52,110.3340334975171,7.1717505713588405
