,q_learn_opt_time,q_learn_opt_dose
22,110.42815766284824,6.434660321003426
