,q_learn_opt_time,q_learn_opt_dose
54,109.51360189369862,6.580293795635943
