,covar_only_dose,myopic_dose,opt_time
9,7.351495293743194,8.206387378171485,110.73737278840764
