,q_learn_opt_time,q_learn_opt_dose
60,110.09864120992036,9.344807982611421
