,covar_only_dose,myopic_dose,opt_time
92,6.049593419899667,5.570310607909719,110.1853835985899
