,covar_only_dose,myopic_dose,opt_time
38,11.298723233036096,14.418117120757556,110.49864539731756
