,covar_only_dose,myopic_dose,opt_time
27,12.315418795623296,20.59701597672009,109.51329669456507
