,q_learn_opt_time,q_learn_opt_dose
58,110.58735454892805,7.1600489008897155
