,q_learn_opt_time,q_learn_opt_dose
27,110.67754797791105,12.442621250846589
