,covar_only_dose,myopic_dose,opt_time
40,6.049593419899667,6.817360172075337,110.75172947925535
