,covar_only_dose,myopic_dose,opt_time
4,8.510144523370824,6.959168038475979,110.27657685056128
