,covar_only_dose,myopic_dose,opt_time
10,10.166364997604541,12.41522718145661,109.97554534840543
