,q_learn_opt_time,q_learn_opt_dose
96,109.2065993213611,7.170311746561919
