,q_learn_opt_time,q_learn_opt_dose
21,110.69501619318,11.633186709073133
