,covar_only_dose,myopic_dose,opt_time
15,7.701959680978383,5.374678320570213,111.16020164695301
