,covar_only_dose,myopic_dose,opt_time
62,8.134188002612378,6.574764711946622,110.29425005614758
