,covar_only_dose,myopic_dose,opt_time
69,7.042054947667898,6.973768363706129,110.56822924888124
