,covar_only_dose,myopic_dose,opt_time
80,9.682526437603503,10.551500538620235,109.85056272411593
