,q_learn_opt_time,q_learn_opt_dose
94,111.00222026794361,7.7800719495882396
