,covar_only_dose,myopic_dose,opt_time
64,7.025448929940413,5.811946527609737,110.41861319169402
