,q_learn_opt_time,q_learn_opt_dose
37,110.8838834949513,7.347376034417991
