,covar_only_dose,myopic_dose,opt_time
0,8.134188002612378,10.434877164473919,108.92020233749568
