,covar_only_dose,myopic_dose,opt_time
74,12.315418795623296,12.689973940070972,108.84280061920052
