,q_learn_opt_time,q_learn_opt_dose
87,110.69366232538793,7.201183810974646
