,q_learn_opt_time,q_learn_opt_dose
9,111.24867043006549,7.681901655589908
