,covar_only_dose,myopic_dose,opt_time
81,7.043434554539649,5.295246878250971,110.02544533726224
