,q_learn_opt_time,q_learn_opt_dose
76,110.75705616692272,7.576328095881137
