,q_learn_opt_time,q_learn_opt_dose
63,109.81556191295385,9.832163892686367
