,q_learn_opt_time,q_learn_opt_dose
88,110.26362399233251,6.0429254713378135
