,q_learn_opt_time,q_learn_opt_dose
70,110.23585339850018,7.923613294978347
