,covar_only_dose,myopic_dose,opt_time
13,9.998187195495051,13.572598461647644,109.48956532197585
