,q_learn_opt_time,q_learn_opt_dose
69,110.14392464148567,7.151070663658338
