,q_learn_opt_time,q_learn_opt_dose
59,110.7494125375891,13.37959032974593
