,q_learn_opt_time,q_learn_opt_dose
82,110.05263842833263,7.51504969721134
