,q_learn_opt_time,q_learn_opt_dose
45,109.80054144421413,7.800402406322889
