,covar_only_dose,myopic_dose,opt_time
96,7.042054947667898,6.792447716935508,108.99254113675015
