,covar_only_dose,myopic_dose,opt_time
55,8.525055640948127,7.046001243856012,109.3105369349758
