,covar_only_dose,myopic_dose,opt_time
53,7.456496106623776,10.432440403599424,110.2236202851474
