,covar_only_dose,myopic_dose,opt_time
60,9.339464228064474,10.695989588568118,109.37279514932554
