,q_learn_opt_time,q_learn_opt_dose
38,111.28192367126938,11.550728137221022
