,covar_only_dose,myopic_dose,opt_time
95,8.510144523370824,8.630560852215666,110.2933218787967
