,q_learn_opt_time,q_learn_opt_dose
16,109.87017121734065,8.41268717612662
