,q_learn_opt_time,q_learn_opt_dose
43,110.5815711036547,10.811442606514587
