,covar_only_dose,myopic_dose,opt_time
30,5.903593964290198,7.242198898793045,109.91017663144443
