,q_learn_opt_time,q_learn_opt_dose
93,110.40033751087688,10.141971850381744
