,covar_only_dose,myopic_dose,opt_time
2,11.434083839333635,15.158920653952245,109.5059142485261
