,q_learn_opt_time,q_learn_opt_dose
77,112.12668402469463,6.53491786390461
