,q_learn_opt_time,q_learn_opt_dose
40,111.56738182414567,6.191325486981019
