,covar_only_dose,myopic_dose,opt_time
57,7.280949420293276,10.650786165301588,109.66442656077122
