,q_learn_opt_time,q_learn_opt_dose
92,110.15006943044402,6.002014650684771
