,covar_only_dose,myopic_dose,opt_time
12,10.217349829595552,4.765365289416551,110.50238214771481
