,covar_only_dose,myopic_dose,opt_time
48,11.298723233036096,11.96108888699442,108.77149008214474
