,covar_only_dose,myopic_dose,opt_time
61,7.351495293743194,8.288665564752314,110.4452942200005
