,q_learn_opt_time,q_learn_opt_dose
1,110.92373866163953,12.118464321583179
