,q_learn_opt_time,q_learn_opt_dose
23,111.16569778672586,6.172625029009243
