,covar_only_dose,myopic_dose,opt_time
5,7.521494769422585,7.183159703337373,108.77735966609221
