,covar_only_dose,myopic_dose,opt_time
20,10.455542364472134,7.640998111863439,110.9674506051289
