,covar_only_dose,myopic_dose,opt_time
94,7.783537328124757,7.002433664005853,108.44841869920492
