,q_learn_opt_time,q_learn_opt_dose
0,111.2941958818124,8.576408813785502
