,q_learn_opt_time,q_learn_opt_dose
5,110.71942314896597,7.698371340778532
