,q_learn_opt_time,q_learn_opt_dose
97,111.15827359137752,6.299468333467928
