,q_learn_opt_time,q_learn_opt_dose
51,111.34768300444891,6.847951802760754
