,q_learn_opt_time,q_learn_opt_dose
84,110.70274182740262,7.326393055392416
