,q_learn_opt_time,q_learn_opt_dose
34,111.12241485652463,6.5176886029689465
