,covar_only_dose,myopic_dose,opt_time
37,7.043434554539649,7.500110020028305,110.3040981591609
