,q_learn_opt_time,q_learn_opt_dose
26,111.15171557568372,13.002511685902954
