,q_learn_opt_time,q_learn_opt_dose
15,110.31295990084791,7.804625782462493
