,covar_only_dose,myopic_dose,opt_time
70,7.363785908181244,7.829762989619893,110.49060066443734
