,covar_only_dose,myopic_dose,opt_time
73,10.217349829595552,8.706660134250944,109.2878820609309
