,q_learn_opt_time,q_learn_opt_dose
33,110.33713569913606,7.320542331300285
