,covar_only_dose,myopic_dose,opt_time
79,10.008978081697355,9.331782323345971,108.84315469523405
