,q_learn_opt_time,q_learn_opt_dose
71,110.89193322451034,7.8058554738905075
