,covar_only_dose,myopic_dose,opt_time
18,7.042054947667898,6.745320511748469,108.63044692792431
