,covar_only_dose,myopic_dose,opt_time
49,7.456496106623776,8.511396608639108,109.61414934130302
