,covar_only_dose,myopic_dose,opt_time
82,7.280949420293276,6.092017894406647,110.55591026075882
