,q_learn_opt_time,q_learn_opt_dose
50,110.06018751282134,6.100631290858658
