,covar_only_dose,myopic_dose,opt_time
6,7.042054947667898,7.000800775592051,109.84571625792017
