,covar_only_dose,myopic_dose,opt_time
52,7.000120695649906,3.284723382541863,109.81529995329383
