,covar_only_dose,myopic_dose,opt_time
90,9.682526437603503,8.710552638902898,110.00344151100283
