,q_learn_opt_time,q_learn_opt_dose
25,109.10072479994288,7.134667586531561
