,covar_only_dose,myopic_dose,opt_time
29,10.455542364472134,12.211290099410915,108.95503559277125
