,covar_only_dose,myopic_dose,opt_time
45,7.280949420293276,10.236767242262339,110.56067486489678
