,covar_only_dose,myopic_dose,opt_time
77,6.41706823195478,6.110144404688797,109.9747368158064
