,covar_only_dose,myopic_dose,opt_time
46,7.280949420293276,8.396997907198326,111.00598240658498
