,covar_only_dose,myopic_dose,opt_time
59,12.315418795623296,13.189298428868897,109.80191992803059
