,covar_only_dose,myopic_dose,opt_time
89,7.456496106623776,9.681505060050352,110.3532523624599
