,covar_only_dose,myopic_dose,opt_time
32,5.903593964290198,7.208916091480241,110.3547224208835
