,covar_only_dose,myopic_dose,opt_time
72,7.280949420293276,4.46367067476484,110.41274443191483
