,covar_only_dose,myopic_dose,opt_time
87,7.025448929940413,5.429862763524053,110.82907774471474
