,covar_only_dose,myopic_dose,opt_time
91,10.166364997604541,10.401519321233343,110.72574699752919
