,q_learn_opt_time,q_learn_opt_dose
86,111.07330212755696,7.463419387484767
