,covar_only_dose,myopic_dose,opt_time
99,12.315418795623296,11.570634664504539,108.76055708566224
