,q_learn_opt_time,q_learn_opt_dose
62,111.13502257600847,8.002562441222643
