,covar_only_dose,myopic_dose,opt_time
83,7.701959680978383,7.068366565704319,110.92949450230687
