,covar_only_dose,myopic_dose,opt_time
36,6.640902568397431,9.868594944005954,110.14620778300024
