,covar_only_dose,myopic_dose,opt_time
98,7.351495293743194,5.332664078605228,110.19713005057321
