,covar_only_dose,myopic_dose,opt_time
21,11.298723233036096,12.090029225079144,108.88100360365232
