,covar_only_dose,myopic_dose,opt_time
84,7.042054947667898,8.245599088972558,109.24552386982117
