,q_learn_opt_time,q_learn_opt_dose
18,111.27893820408673,7.071622169186238
