,q_learn_opt_time,q_learn_opt_dose
32,110.17282742801292,6.346055273467098
