,q_learn_opt_time,q_learn_opt_dose
31,111.65858358777137,12.714337058413292
