,q_learn_opt_time,q_learn_opt_dose
14,110.16002075709558,6.752654840766991
