,covar_only_dose,myopic_dose,opt_time
17,7.042054947667898,4.764764357802348,110.13073725883616
