,q_learn_opt_time,q_learn_opt_dose
48,110.01107524255275,11.869674104399344
