,q_learn_opt_time,q_learn_opt_dose
11,110.96377779529945,11.53128788284276
