,covar_only_dose,myopic_dose,opt_time
50,6.049593419899667,6.178917083863582,110.07041232304827
