,q_learn_opt_time,q_learn_opt_dose
91,110.87669691975915,10.467087382372766
