,q_learn_opt_time,q_learn_opt_dose
78,110.72310817794455,8.574409514505117
