,covar_only_dose,myopic_dose,opt_time
58,7.043434554539649,3.8510600308972887,111.2087650001049
