,q_learn_opt_time,q_learn_opt_dose
53,110.78744977146523,7.371057993487599
