,covar_only_dose,myopic_dose,opt_time
23,6.049593419899667,5.9309919454083735,109.99066430702806
