,q_learn_opt_time,q_learn_opt_dose
13,110.91760219872172,10.280549135717695
