,q_learn_opt_time,q_learn_opt_dose
30,111.68361118335659,5.922842877366966
