,covar_only_dose,myopic_dose,opt_time
65,7.042054947667898,6.432088049114226,109.97549057006836
