,q_learn_opt_time,q_learn_opt_dose
68,110.93054165510782,9.936873722909926
