,covar_only_dose,myopic_dose,opt_time
31,11.596308841323511,16.573493477949615,109.45532444112091
