,q_learn_opt_time,q_learn_opt_dose
67,110.7291215858923,10.524171739464183
