,q_learn_opt_time,q_learn_opt_dose
81,110.61916694079106,7.1442424689722985
