,q_learn_opt_time,q_learn_opt_dose
49,109.23498524067537,7.810711272857988
