,covar_only_dose,myopic_dose,opt_time
25,6.640902568397431,7.64237420866203,110.00233685814827
