,q_learn_opt_time,q_learn_opt_dose
95,111.04510680727607,8.681785288351238
