,q_learn_opt_time,q_learn_opt_dose
4,111.32508282898705,8.96026261250929
