,q_learn_opt_time,q_learn_opt_dose
3,111.01128152070112,7.270843856761885
