,covar_only_dose,myopic_dose,opt_time
76,7.701959680978383,8.245747286865099,110.64333604131119
