,covar_only_dose,myopic_dose,opt_time
56,11.434083839333635,12.023974679346727,109.72636536879173
