,covar_only_dose,myopic_dose,opt_time
35,6.640902568397431,3.879429292543216,110.17710195703795
