,q_learn_opt_time,q_learn_opt_dose
65,111.00213870730346,7.231650290664145
