,covar_only_dose,myopic_dose,opt_time
42,5.903593964290198,5.7122034079958794,110.92957071310646
