,q_learn_opt_time,q_learn_opt_dose
72,111.9955529711369,7.601443136682422
