,covar_only_dose,myopic_dose,opt_time
54,6.353612435499529,5.8850327619936165,110.61242446942282
