,q_learn_opt_time,q_learn_opt_dose
74,111.35941833841765,13.295936718644837
