,covar_only_dose,myopic_dose,opt_time
7,7.701959680978383,11.335425659761372,110.35625786210295
