,covar_only_dose,myopic_dose,opt_time
22,6.353612435499529,5.176480649045863,109.57602333810524
