,covar_only_dose,myopic_dose,opt_time
24,7.025448929940413,11.954493611751335,109.78066315792131
