,q_learn_opt_time,q_learn_opt_dose
6,109.6678567577679,7.250378511976197
