,q_learn_opt_time,q_learn_opt_dose
12,110.51488246786106,10.031932727558234
