,q_learn_opt_time,q_learn_opt_dose
17,110.10861366151832,6.862830732803541
