,q_learn_opt_time,q_learn_opt_dose
73,110.48824173100792,10.775809995846949
