,covar_only_dose,myopic_dose,opt_time
93,9.682526437603503,10.225833674003498,110.10536490378044
