,covar_only_dose,myopic_dose,opt_time
26,12.695862078268851,11.9718031799694,109.79379189276446
