,covar_only_dose,myopic_dose,opt_time
86,7.363785908181244,9.44833216761734,110.21781106873343
