,q_learn_opt_time,q_learn_opt_dose
41,110.18996374600546,10.732927103196538
