,q_learn_opt_time,q_learn_opt_dose
10,110.73078404589421,10.627603037109848
