,covar_only_dose,myopic_dose,opt_time
67,10.166364997604541,7.740419989839974,110.01068250555565
