,covar_only_dose,myopic_dose,opt_time
71,7.363785908181244,9.280558424305527,110.15741860059578
