,q_learn_opt_time,q_learn_opt_dose
44,111.2987961719015,8.970037629522556
