,covar_only_dose,myopic_dose,opt_time
39,7.701959680978383,11.072669385851995,110.417386101293
