,q_learn_opt_time,q_learn_opt_dose
64,110.74253627964127,7.196513587703472
