,q_learn_opt_time,q_learn_opt_dose
56,110.93748953303343,11.630144696505722
