,covar_only_dose,myopic_dose,opt_time
63,9.682526437603503,13.054080629295441,110.02261786745058
