,q_learn_opt_time,q_learn_opt_dose
55,110.84520182071843,8.698755706228262
