,q_learn_opt_time,q_learn_opt_dose
57,112.29231110408269,7.509101947821277
