,q_learn_opt_time,q_learn_opt_dose
7,111.08447104198605,7.991768364478054
