,q_learn_opt_time,q_learn_opt_dose
36,110.62951605702935,6.623806113470996
