,q_learn_opt_time,q_learn_opt_dose
24,110.67989443760082,7.345571999973187
