,q_learn_opt_time,q_learn_opt_dose
29,111.41597267533024,11.039747989483434
