,covar_only_dose,myopic_dose,opt_time
34,6.41706823195478,7.03272424834344,110.64932078876124
