,q_learn_opt_time,q_learn_opt_dose
19,111.09247839087601,7.464780123575253
