,q_learn_opt_time,q_learn_opt_dose
89,110.34336734762921,7.602512804055296
