,q_learn_opt_time,q_learn_opt_dose
8,108.87757123735555,7.584231189001373
