,q_learn_opt_time,q_learn_opt_dose
80,110.8184206216275,9.985757498351783
