,q_learn_opt_time,q_learn_opt_dose
75,111.43109436225323,6.597058274048708
