,covar_only_dose,myopic_dose,opt_time
47,11.298723233036096,11.738897302280272,109.60317296752177
