,covar_only_dose,myopic_dose,opt_time
51,6.640902568397431,6.1512964389901725,110.03345070596623
