,q_learn_opt_time,q_learn_opt_dose
39,111.37993089468763,8.206007741605319
