,q_learn_opt_time,q_learn_opt_dose
35,111.06443335458916,6.967390690385776
