,q_learn_opt_time,q_learn_opt_dose
99,110.80683448377974,12.946620111434667
