,q_learn_opt_time,q_learn_opt_dose
79,110.9735576304826,10.422431156811836
