,q_learn_opt_time,q_learn_opt_dose
20,109.81090881967361,10.732947975787646
