,q_learn_opt_time,q_learn_opt_dose
98,111.38697886492622,7.666537885767022
