,q_learn_opt_time,q_learn_opt_dose
28,110.26033456350795,6.234233979159736
