,covar_only_dose,myopic_dose,opt_time
85,11.434083839333635,14.615082678027354,109.48369049160344
