,q_learn_opt_time,q_learn_opt_dose
47,108.68849581694181,11.91016326345704
