,covar_only_dose,myopic_dose,opt_time
88,6.049593419899667,7.106877951882229,109.5889402480444
