,q_learn_opt_time,q_learn_opt_dose
90,111.23568728485523,10.078939936153441
