,covar_only_dose,myopic_dose,opt_time
3,7.043434554539649,8.01749363328574,109.1683159081564
