,covar_only_dose,myopic_dose,opt_time
28,5.903593964290198,4.876164852702359,110.18271839991047
