,covar_only_dose,myopic_dose,opt_time
66,6.353612435499529,7.753262300055722,110.66497212152626
