,covar_only_dose,myopic_dose,opt_time
14,6.640902568397431,7.9652023984989615,110.02850136949021
