,q_learn_opt_time,q_learn_opt_dose
2,110.2534404695034,11.88690108153969
