,covar_only_dose,myopic_dose,opt_time
68,9.682526437603503,14.17410915733027,110.05048446775687
