,q_learn_opt_time,q_learn_opt_dose
46,110.80880129397399,7.540975092915887
