,covar_only_dose,myopic_dose,opt_time
97,6.049593419899667,5.563724118580431,108.88999424502254
