,covar_only_dose,myopic_dose,opt_time
75,6.41706823195478,3.705379385354463,109.77884304294716
