,q_learn_opt_time,q_learn_opt_dose
42,111.2070138855013,6.131156811736897
