,q_learn_opt_time,q_learn_opt_dose
83,111.88852048546873,8.188409679730693
