,q_learn_opt_time,q_learn_opt_dose
66,112.98088691433263,6.783637658557863
