,covar_only_dose,myopic_dose,opt_time
33,7.456496106623776,9.603069501237863,110.10747612406922
