,covar_only_dose,myopic_dose,opt_time
41,10.166364997604541,17.785969499409404,109.46336303789884
