,covar_only_dose,myopic_dose,opt_time
1,11.596308841323511,9.453866948869345,109.44765356165139
