,covar_only_dose,myopic_dose,opt_time
43,10.217349829595552,12.287886092606573,109.05358368383166
