,covar_only_dose,myopic_dose,opt_time
16,8.07445522482975,4.886799758074376,109.03407187844213
