,q_learn_opt_time,q_learn_opt_dose
61,110.47050790534593,7.396789987635497
