,q_learn_opt_time,q_learn_opt_dose
85,111.02723806720527,12.059916314886276
