,covar_only_dose,myopic_dose,opt_time
11,11.298723233036096,14.197145868565334,109.13784123212099
