,covar_only_dose,myopic_dose,opt_time
8,7.280949420293276,8.205424153058763,110.10454622786278
