,covar_only_dose,myopic_dose,opt_time
78,8.134188002612378,9.896950799220468,109.8445720030002
